{
  "$schema": "http://json-schema.org/draft-07/schema#",
  "type": "object",
  "additionalProperties": false,
  "required": ["url"],
  "properties" : {
      "url": {
          "type": "string",
          "title": "URL de l'application de gestion.",
          "description": "URL de base du backend de l'application de gestion. Sera utilisé pour télécharger la configuration."
      },
      "watchInterval": {
          "type":  "string",
          "title": "Intervalle de surveillance",
          "description": "Intervalle entre deux téléchargement de la configuration. Facultatif, prend par défaut la valeur dix minutes. Utilisation la syntaxe https://en.wikipedia.org/wiki/ISO_8601 (ex : PT5S pour 5 secondes.)"
      }
  }
}
