{
  "$schema": "http://json-schema.org/draft-07/schema#",
  "type": "object",
  "additionalProperties": false,
  "properties": {
    "autorities": {
      "type": "array",
      "title": "Autorities",
	  "minItems": 1,
      "items": {
        "type": "object",
        "title": "Autority",
        "description": "Autorité et url de téléchargement des CRL",
        "properties": {
          "crlUrl": {
            "title": "Url de téléchargement",
            "description": "Url de téléchargement des CRL (ex: http://igc-sante.esante.gouv.fr/CRL/ACI-EL-ORG-TEST.crl)",
            "type": "string"
          },
          "pubPemIntermediateAutority": {
            "title": "Certificat de l'autorité (PEM)",
            "description": "Certificat (clé publique) de l'autorité de certification au format PEM qui fournit les CRL",
            "type": "string",
			"format": "textarea"
          }
        },
        "required": ["crlUrl", "pubPemIntermediateAutority"]
      }
    }
  }
}
