{
  "$schema": "http://json-schema.org/draft-07/schema#",
  "type": "object",
  "additionalProperties": false,
  "properties" : {
    "autoritites": {
	  "type": "array",
	            "title": "Autorites et url de téléchargement des CRL associées",
	            "items": {
	                "type": "object",
	                "title": "Autorité et url de téléchargement des CRL",
	                "properties": {
	                    "crlUrl": {
	                        "title": "Clé publique de l'autorité de certification intermédiaire (PEM)",
	                        "description": "Name of the header",
	                        "type": "string"
	                    },
	                    "pubPemIntermediateAutority": {
	                        "title": "Value",
	                        "description": "Certificat (clé publique) de l'autorité de certification intermédiaire au format PEM (défaut: clé publique de IGC-SANTE EL ORG",
	                        "type": "string",	                      
	                    }
	                }
	            }
	            "required": ["crlUrl", "pubPemIntermediateAutority"]
   }
  }
}
