{
  "$schema": "http://json-schema.org/draft-07/schema#",
  "type": "object",
  "additionalProperties": false,
  "properties": {
    "crlBundleResourceName": {
      "type": "string",
      "title": "Nom de la ressource avec le bundle des CRL",
      "description": "Nom de la ressource Gravitee APIM qui fournit le bundle de CRL téléchargées quotidiennement."
    },
    "crlVerifyDepth": {
      "type": "integer",
      "title": "Profondeur de contrôle",
      "description": "1: contrôle uniquement du client, 3: contrôle du client et de 2 autorités de la chaine de confiance",
      "enum": [1,2,3],
      "default": "2"
    }
  },
  "required": ["crlBundleResourceName", "crlVerifyDepth"]
}
